Knox Graves,eget.varius@google.org,Molestie Tortor LLC,1-298-706-3236,25-66
Hashim Clayton,nibh.quisque.nonummy@outlook.ca,Velit Dui Semper Associates,(229) 107-0233,21401
Henry Kim,ultrices@outlook.com,Purus Incorporated,(233) 232-2847,4333 IW
Sydney Dejesus,volutpat.ornare.facilisis@outlook.edu,Enim Gravida Institute,(619) 837-8191,11718
Conan Shelton,augue@google.com,Mollis Foundation,(497) 239-6412,89945
Uma Benton,pellentesque@aol.net,Auctor Nunc Nulla LLP,1-163-877-6563,63363
Sherlock Holmes,elit@icloud.org,Vestibulum Incorporated,1-748-656-7273,72-23
Constance Hopkins,ante.blandit@google.net,Eget Nisi Dictum PC,(824) 372-0901,8054
Curran Evans,interdum.libero@protonmail.net,Elit Pellentesque LLC,(868) 707-5688,62712
Hiroko Simon,pellentesque.ut@google.org,Posuere Cubilia Foundation,1-889-868-4227,16755
Felicia Lindsey,sociis.natoque@outlook.edu,Dictum Eu Placerat Incorporated,(312) 560-8321,977546
Abigail Neal,sit.amet@hotmail.org,Nulla Magna Institute,(845) 348-7471,575564
Hector Atkins,diam.luctus@outlook.edu,Non Lobortis Quis PC,(221) 397-4558,7118
Raymond Pratt,commodo.tincidunt@aol.net,Turpis Vitae Consulting,1-843-746-1184,5589-8911
Nina Bush,sit.amet.massa@google.net,Phasellus Ornare Fusce Industries,1-216-851-3782,8928
Alexander Schmidt,non.arcu@hotmail.ca,Et Netus Limited,1-983-266-7160,A5R 4X0
Reed Thornton,non.bibendum.sed@aol.net,Ridiculus Mus Proin Industries,1-654-231-8351,2143
Ignatius Chaney,enim.nunc@hotmail.com,Porttitor Eros Corporation,(515) 785-9222,886440
Merritt Shelton,in.condimentum@yahoo.edu,Eget Inc.,(330) 579-7957,42882
Alisa Branch,sed.hendrerit.a@icloud.net,Ultrices Vivamus LLC,1-652-725-8879,M7E 7L6
Wang Mccullough,vulputate.lacus@hotmail.couk,Velit Foundation,1-824-844-7875,450451
Nerea Rose,hendrerit@protonmail.ca,Risus Duis A Incorporated,(620) 351-8678,50613
Juliet Hudson,faucibus.leo.in@aol.com,Adipiscing Ligula Ltd,(128) 654-4586,18774
Carson Stein,lacus.quisque@yahoo.org,Eu Corp.,(672) 127-1304,8544
Chadwick Mckay,luctus.ipsum@google.net,Nullam Ltd,1-723-133-1853,16-83
Timothy Ingram,imperdiet@protonmail.com,Mauris Quis Associates,(815) 575-7829,173163
Kirby Blevins,nisi.cum@aol.couk,Venenatis A Magna Foundation,1-336-316-4308,35822
Ryder Charles,sit.amet@google.couk,Dictum Eu Corp.,(846) 813-1176,P1C 8J1
Desiree Mathis,a@aol.ca,Ac Turpis Limited,(703) 633-7386,4419
Damon Gallegos,tincidunt.vehicula@aol.edu,Dolor Incorporated,(436) 744-2222,8345
